{
  "LANDCOVER": {
    "land_cover": 324
  },
  "TEMP_LTA_yearly": {
    "temp_mean": 12.5
  },
  "GTI_OPTA_LTA_monthly": {
    "GTI": [
      119.78125,
      123.171875,
      160.546875,
      164.1328125,
      178.8046875,
      181.53125,
      193.5625,
      189.1953125,
      175.2890625,
      155.6171875,
      128.1875,
      106.890625
    ]
  },
  "GTI_OPTA_LTA_annual": {
    "GTI": 1876.71875
  },
  "TEMP_LTA_monthly": {
    "temp_mean": [
      -1.5,
      0.6875,
      7,
      12.375,
      18.125,
      23.5625,
      25.375,
      24.25,
      19.875,
      13.625,
      6.6875,
      0.0625
    ]
  },
  "DEGREEDAYS_LTA_annual": {
    "degree_day_cool": 783.1875,
    "degree_day_heat": 2760.1875
  },
  "DEGREEDAYS_LTA_monthly": {
    "degree_day_cool": [
      0,
      0,
      0.1875,
      4.125,
      52,
      162.3125,
      249,
      216.5,
      90.9375,
      8.125,
      0,
      0
    ],
    "degree_day_heat": [
      623.5625,
      494.625,
      353.625,
      167.8125,
      53.125,
      2.4375,
      0.25,
      0.75,
      26.125,
      139.375,
      338.0625,
      560.4375
    ]
  },
  "PV_CSI_OPTA_LTA_monthly": {
    "PV": [
      105.58599853515625,
      106.050537109375,
      132.83502197265625,
      131.1600341796875,
      139.531005859375,
      137.82000732421875,
      144.801025390625,
      142.259033203125,
      135.29998779296875,
      125.14697265625,
      107.72998046875,
      93.46502685546875
    ]
  },
  "srtm30": {
    "srtm30": 345
  },
  "PV_CSI_OPTA_LTA_annual": {
    "PV": 1501.6844482421875
  },
  "POPUL": {
    "population_density": 1
  },
  "DNI_LTA_monthly": {
    "DNI": [
      116.5625,
      111.6171875,
      138.7265625,
      144.9921875,
      162.59375,
      178.3203125,
      194.5859375,
      176.046875,
      167.3671875,
      148.4296875,
      127.171875,
      104.53125
    ]
  },
  "DIF_LTA_annual": {
    "DIF": 579.640625
  },
  "GHI_SEASON_LTA": {
    "GHI_SEASON": 3.4453125
  },
  "satregion_9arcsec": {
    "satregion": 2
  },
  "GHI_LTA_monthly": {
    "GHI": [
      69.71875,
      83.7578125,
      129.515625,
      152.7578125,
      185.71875,
      197.4921875,
      205.15625,
      182.7421875,
      146.4296875,
      110.078125,
      76.109375,
      59.5546875
    ]
  },
  "D2G_LTA_monthly": {
    "D2G": [
      0.375,
      0.3828125,
      0.390625,
      0.375,
      0.390625,
      0.3671875,
      0.3359375,
      0.359375,
      0.328125,
      0.3359375,
      0.3359375,
      0.3828125
    ]
  },
  "GHI_LTA_annual": {
    "GHI": 1599.046875
  },
  "D2G_LTA_annual": {
    "D2G": 0.3671875
  },
  "DIF_LTA_monthly": {
    "DIF": [
      26.1015625,
      32.2890625,
      50.71875,
      57.453125,
      72.8515625,
      71.8828125,
      69.28125,
      65.59375,
      48.1484375,
      37.046875,
      25.6484375,
      22.6328125
    ]
  },
  "DNI_LTA_annual": {
    "DNI": 1770.9453125
  },
  "DNI_SEASON_LTA": {
    "DNI_SEASON": 1.859375
  },
  "RH_LTA_annual": {
    "rh_mean": 68.5625
  },
  "WS_LTA_monthly": {
    "ws_mean": [
      5,
      5.0625,
      5.25,
      5.375,
      4.625,
      4.25,
      3.625,
      3.5,
      4.0625,
      4.6875,
      4.8125,
      4.75
    ]
  },
  "PWAT_LTA_monthly": {
    "pwat_mean": [
      8.8125,
      9.375,
      12.375,
      16.0625,
      23.125,
      30.3125,
      34.1875,
      32.6875,
      25.25,
      18.25,
      12.375,
      9.5
    ]
  },
  "PREC_LTA_monthly": {
    "prec_mean": [
      23,
      25,
      58,
      75,
      116,
      134,
      113,
      100,
      104,
      67,
      45,
      28
    ]
  },
  "RH_LTA_monthly": {
    "rh_mean": [
      74.5,
      73.375,
      69.875,
      67.625,
      69.8125,
      68.0625,
      62.5625,
      62,
      63.125,
      65.8125,
      70.3125,
      75.8125
    ]
  },
  "OPTA": {
    "opta": 35
  },
  "PREC_LTA_annual": {
    "prec_mean": 888
  },
  "WS_LTA_annual": {
    "ws_mean": 4.5625
  },
  "PWAT_LTA_annual": {
    "pwat_mean": 19.375
  },
  "SNOWDAYS_LTA_monthly": {
    "snow_days": [
      4.625,
      3.8125,
      1.0625,
      0.0625,
      0.0625,
      null,
      0.5625,
      0.625,
      0.0625,
      0.125,
      0.375,
      3.5
    ]
  },
  "SNOWDAYS_LTA_annual": {
    "snow_days": 14.9375
  }
}
