{
  "LANDCOVER": {
    "land_cover": 302
  },
  "PV_CDTE_OPTA_LTA_annual": {
    "PV": 1213.72265625
  },
  "PV_CDTE_OPTA_LTA_monthly": {
    "PV": [
      42.87298583984375,
      68.4215087890625,
      105.67901611328125,
      132.510009765625,
      147.09503173828125,
      145.67999267578125,
      149.2960205078125,
      144.2430419921875,
      113.0999755859375,
      82.64599609375,
      46.55999755859375,
      35.6190185546875
    ]
  },
  "TEMP_annual": {
    "temp_mean": 11.125,
    "temp_min": 7.5,
    "temp_max": 15.5
  },
  "GTI_OPTA_LTA_annual": {
    "GTI": 1454.9609375
  },
  "PV_CDTE_CSI_OPTA_diff_LTA_annual": {
    "PV_GAIN": 2.8046875
  },
  "TEMP_monthly": {
    "temp_mean": [
      0.0625,
      2.125,
      6.3125,
      11.4375,
      16.375,
      20.0625,
      22.1875,
      21.375,
      16.4375,
      10.8125,
      5.875,
      0.5
    ],
    "temp_min": [
      -1.125,
      0,
      3.125,
      6.75,
      11.3125,
      14.375,
      16.4375,
      15.75,
      12.1875,
      7.75,
      4.0625,
      -0.625
    ],
    "temp_max": [
      2.375,
      5.1875,
      10.5,
      16.75,
      21.625,
      25.625,
      27.8125,
      27.4375,
      21.75,
      15.375,
      8.8125,
      2.8125
    ]
  },
  "PV_CDTE_CSI_OPTA_diff_LTA_monthly": {
    "PV_GAIN": [
      -3.015625,
      -1.703125,
      0.46875,
      3.1796875,
      5.3984375,
      7.1953125,
      8.0546875,
      7.78125,
      5.515625,
      3.09375,
      0.1328125,
      -2.7109375
    ]
  },
  "DEGREEDAYS_LTA_annual": {
    "degree_day_cool": 414.0625,
    "degree_day_heat": 2909.3125
  },
  "DEGREEDAYS_LTA_monthly": {
    "degree_day_cool": [
      0,
      0,
      0,
      2,
      32.625,
      90.4375,
      137.6875,
      119.8125,
      30.875,
      0.5625,
      0,
      0
    ],
    "degree_day_heat": [
      556.25,
      449.6875,
      363.0625,
      198.3125,
      83.375,
      28.375,
      8.4375,
      15.125,
      77.6875,
      222.625,
      364.125,
      542.25
    ]
  },
  "PV_CSI_OPTA_LTA_monthly": {
    "PV": [
      44.20599365234375,
      69.6080322265625,
      105.1829833984375,
      128.42999267578125,
      139.56201171875,
      135.9000244140625,
      138.1669921875,
      133.8270263671875,
      107.19000244140625,
      80.166015625,
      46.5,
      36.61102294921875
    ]
  },
  "GTI_OPTA_LTA_monthly": {
    "GTI": [
      51.2734375,
      80.9921875,
      125.765625,
      158.7890625,
      177.2578125,
      175.828125,
      180.484375,
      174.125,
      134.9375,
      97.3671875,
      55.3828125,
      42.75
    ]
  },
  "PV_CSI_OPTA_LTA_annual": {
    "PV": 1165.3499755859375
  },
  "POPUL": {
    "population_density": 38
  },
  "GHI_LTA_annual": {
    "GHI": 1243.296875
  },
  "DIF_LTA_annual": {
    "DIF": 604.9453125
  },
  "GHI_SEASON_LTA": {
    "GHI_SEASON": 7.6953125
  },
  "GHI_LTA_monthly": {
    "GHI": [
      30.2578125,
      52.34375,
      96.2578125,
      139.2578125,
      172.265625,
      178.9765625,
      179.6484375,
      158.5625,
      108.8125,
      68.3515625,
      34.53125,
      24.0234375
    ]
  },
  "D2G_LTA_monthly": {
    "D2G": [
      0.6171875,
      0.5234375,
      0.5,
      0.4765625,
      0.4609375,
      0.46875,
      0.4609375,
      0.4453125,
      0.4921875,
      0.5390625,
      0.6171875,
      0.625
    ]
  },
  "DNI_LTA_monthly": {
    "DNI": [
      41.015625,
      66.046875,
      97.8046875,
      120.75,
      138.3515625,
      136.3203125,
      141.921875,
      140.2109375,
      102.296875,
      75.0234375,
      41.609375,
      34.53125
    ]
  },
  "D2G_LTA_annual": {
    "D2G": 0.515625
  },
  "DIF_LTA_monthly": {
    "DIF": [
      18.6015625,
      27.546875,
      47.9296875,
      66.390625,
      79.578125,
      84.2109375,
      83.390625,
      70.7421875,
      53.28125,
      37.046875,
      21.2734375,
      14.9765625
    ]
  },
  "DNI_LTA_annual": {
    "DNI": 1135.8828125
  },
  "DNI_SEASON_LTA": {
    "DNI_SEASON": 4.109375
  },
  "WS_LTA_monthly": {
    "ws_mean": [
      4.125,
      4.375,
      4.0625,
      3.75,
      3.5,
      3.125,
      3.125,
      2.8125,
      3.1875,
      3.375,
      3.9375,
      3.9375
    ]
  },
  "RH_LTA_monthly": {
    "rh_min": [
      81,
      73.625,
      59.625,
      50.8125,
      49.125,
      44.125,
      39,
      37.1875,
      45.4375,
      55.1875,
      68.125,
      75.8125
    ],
    "rh_max": [
      88.9375,
      87.75,
      86.0625,
      84.5,
      83.5,
      81.8125,
      77.375,
      75.9375,
      80.8125,
      85.8125,
      87.0625,
      87.125
    ],
    "rh_mean": [
      86.75,
      83.25,
      75.6875,
      69.75,
      67.1875,
      62.6875,
      56.9375,
      55.5625,
      63.8125,
      73.0625,
      80.5625,
      83.8125
    ]
  },
  "SNOW_DAYS_LTA_monthly": {
    "snow_days": [
      8.6875,
      4.75,
      0.625,
      0.125,
      0,
      0,
      0.0625,
      0.125,
      0,
      0,
      0.3125,
      3.625
    ]
  },
  "WS_LTA_percentiles": {
    "pxx": [
      1,
      5,
      10,
      25,
      50,
      75,
      90,
      95,
      99
    ],
    "ws_perc": [
      0.375,
      0.875,
      1.1875,
      2,
      3.1875,
      4.8125,
      6.625,
      7.6875,
      9.6875
    ]
  },
  "PREC_LTA_monthly": {
    "prec_mean": [
      32,
      34,
      37,
      41,
      58,
      72,
      72,
      62,
      43,
      45,
      49,
      43
    ]
  },
  "RH_LTA_annual": {
    "rh_mean": 71.5625
  },
  "OPTA": {
    "opta": 35
  },
  "SNOW_DAYS_LTA_annual": {
    "snow_days": 18.375
  },
  "PREC_LTA_annual": {
    "prec_mean": 588
  },
  "PWAT_LTA_yearly": {
    "pwat_mean": 17.4375
  },
  "WS_LTA_annual": {
    "ws_mean": 3.625
  }
}
