{
  "LANDCOVER": {
    "land_cover": 303
  },
  "PV_CDTE_OPTA_LTA_annual": {
    "PV": 1174.554931640625
  },
  "PV_CDTE_OPTA_LTA_monthly": {
    "PV": [
      41.69500732421875,
      64.2969970703125,
      103.13702392578125,
      128.72998046875,
      142.5379638671875,
      143.25,
      146.4129638671875,
      141.70098876953125,
      107.94000244140625,
      78.95703125,
      42.510009765625,
      33.38702392578125
    ],
    "month": [
      1,
      2,
      3,
      4,
      5,
      6,
      7,
      8,
      9,
      10,
      11,
      12
    ]
  },
  "GTI_OPTA_LTA_monthly": {
    "GTI": [
      49.90625,
      76.078125,
      122.5703125,
      153.9609375,
      171.3359375,
      172.3828125,
      176.484375,
      170.53125,
      128.609375,
      93.03125,
      50.703125,
      40.1484375
    ],
    "month": [
      1,
      2,
      3,
      4,
      5,
      6,
      7,
      8,
      9,
      10,
      11,
      12
    ]
  },
  "GTI_OPTA_LTA_annual": {
    "GTI": 1405.734375
  },
  "PV_CDTE_CSI_OPTA_diff_LTA_annual": {
    "PV_GAIN": 2.484375
  },
  "TEMP_monthly": {
    "temp_mean": [
      -1.5625,
      0.875,
      4.8125,
      9.75,
      14.5625,
      18,
      19.75,
      19.3125,
      14.5,
      9.375,
      4.75,
      -0.3125
    ],
    "temp_min": [
      -3,
      -1.25,
      1.875,
      5.5625,
      9.8125,
      12.8125,
      14.4375,
      13.875,
      10.25,
      6.375,
      3.125,
      -1.5
    ],
    "temp_max": [
      1.125,
      4.1875,
      8.875,
      14.4375,
      19.1875,
      22.9375,
      25,
      25.0625,
      19.5625,
      13.75,
      7.875,
      2.125
    ],
    "month": [
      1,
      2,
      3,
      4,
      5,
      6,
      7,
      8,
      9,
      10,
      11,
      12
    ]
  },
  "PV_CDTE_CSI_OPTA_diff_LTA_monthly": {
    "PV_GAIN": [
      -3.234375,
      -1.8984375,
      0.09375,
      2.6796875,
      4.9296875,
      6.703125,
      7.5625,
      7.296875,
      5.078125,
      2.828125,
      0.140625,
      -2.625
    ],
    "month": [
      1,
      2,
      3,
      4,
      5,
      6,
      7,
      8,
      9,
      10,
      11,
      12
    ]
  },
  "DEGREEDAYS_LTA_annual": {
    "degree_day_cool": 259.9375,
    "degree_day_heat": 3288
  },
  "DEGREEDAYS_LTA_monthly": {
    "degree_day_cool": [
      0,
      0,
      0,
      0.3125,
      12.6875,
      56.0625,
      93.0625,
      81.875,
      15.9375,
      0,
      0,
      0
    ],
    "degree_day_heat": [
      583.75,
      482.375,
      412.8125,
      246.25,
      117.4375,
      50.625,
      24.375,
      33.125,
      112.125,
      264.6875,
      393.3125,
      567.1875
    ],
    "month": [
      1,
      2,
      3,
      4,
      5,
      6,
      7,
      8,
      9,
      10,
      11,
      12
    ]
  },
  "PV_CSI_OPTA_LTA_monthly": {
    "PV": [
      43.09002685546875,
      65.5400390625,
      103.04400634765625,
      125.3699951171875,
      135.842041015625,
      134.25,
      136.1209716796875,
      132.05999755859375,
      102.72003173828125,
      76.7869873046875,
      42.45001220703125,
      34.2860107421875
    ],
    "month": [
      1,
      2,
      3,
      4,
      5,
      6,
      7,
      8,
      9,
      10,
      11,
      12
    ]
  },
  "TEMP_yearly": {
    "temp_mean": 9.5,
    "temp_min": 6,
    "temp_max": 13.6875
  },
  "srtm30": {
    "srtm30": 277
  },
  "PV_CSI_OPTA_LTA_annual": {
    "PV": 1131.56005859375
  },
  "POPUL": {
    "population_density": 68
  },
  "GHI_LTA_annual": {
    "GHI": 1204.09375
  },
  "DIF_LTA_annual": {
    "DIF": 596.5703125
  },
  "GHI_SEASON_LTA": {
    "GHI_SEASON": 7.9765625
  },
  "GHI_LTA_monthly": {
    "GHI": [
      29.296875,
      49.40625,
      93.4921875,
      134.7890625,
      166.8125,
      175.921875,
      175.7109375,
      155.09375,
      104.0390625,
      65.0390625,
      31.7109375,
      22.78125
    ],
    "month": [
      1,
      2,
      3,
      4,
      5,
      6,
      7,
      8,
      9,
      10,
      11,
      12
    ]
  },
  "D2G_LTA_monthly": {
    "D2G": [
      0.6171875,
      0.5390625,
      0.5078125,
      0.484375,
      0.4765625,
      0.484375,
      0.46875,
      0.4453125,
      0.5078125,
      0.546875,
      0.625,
      0.6484375
    ],
    "month": [
      1,
      2,
      3,
      4,
      5,
      6,
      7,
      8,
      9,
      10,
      11,
      12
    ]
  },
  "DNI_LTA_monthly": {
    "DNI": [
      38.4375,
      59.4375,
      93.8984375,
      114.65625,
      130.109375,
      132.78125,
      137.734375,
      135.46875,
      94.2578125,
      69.65625,
      36.1796875,
      30.4765625
    ],
    "month": [
      1,
      2,
      3,
      4,
      5,
      6,
      7,
      8,
      9,
      10,
      11,
      12
    ]
  },
  "D2G_LTA_annual": {
    "D2G": 0.53125
  },
  "DIF_LTA_monthly": {
    "DIF": [
      18.1328125,
      26.75,
      47.2109375,
      65.4921875,
      79.796875,
      84.6875,
      82.0234375,
      69.59375,
      52.796875,
      35.4609375,
      19.921875,
      14.6953125
    ],
    "month": [
      1,
      2,
      3,
      4,
      5,
      6,
      7,
      8,
      9,
      10,
      11,
      12
    ]
  },
  "DNI_LTA_annual": {
    "DNI": 1073.09375
  },
  "DNI_SEASON_LTA": {
    "DNI_SEASON": 4.5234375
  },
  "WS_LTA_monthly": {
    "month": [
      1,
      2,
      3,
      4,
      5,
      6,
      7,
      8,
      9,
      10,
      11,
      12
    ],
    "ws_mean": [
      4,
      4.1875,
      3.9375,
      3.5625,
      3.375,
      3.0625,
      2.9375,
      2.6875,
      3.0625,
      3.3125,
      3.9375,
      3.875
    ]
  },
  "PWAT_LTA_monthly": {
    "month": [
      1,
      2,
      3,
      4,
      5,
      6,
      7,
      8,
      9,
      10,
      11,
      12
    ],
    "pwat_mean": [
      9.875,
      10,
      11.1875,
      14.5625,
      19.875,
      24.5,
      27.3125,
      26.1875,
      21.8125,
      17.625,
      14.125,
      10.625
    ]
  },
  "RH_LTA_monthly": {
    "month": [
      1,
      2,
      3,
      4,
      5,
      6,
      7,
      8,
      9,
      10,
      11,
      12
    ],
    "rh_min": [
      83.875,
      76.4375,
      62.4375,
      53.5,
      51.5625,
      46.4375,
      40.75,
      38,
      46.4375,
      57.125,
      70.9375,
      79.1875
    ],
    "rh_max": [
      91,
      89.6875,
      88.1875,
      87,
      85.6875,
      84.3125,
      79.9375,
      77.875,
      82.0625,
      87.0625,
      88.5,
      89.1875
    ],
    "rh_mean": [
      88.9375,
      85.4375,
      78.125,
      72.5,
      69.625,
      65.125,
      59.5625,
      57.375,
      65.375,
      74.6875,
      82.5,
      86.25
    ]
  },
  "SNOW_DAYS_LTA_monthly": {
    "month": [
      1,
      2,
      3,
      4,
      5,
      6,
      7,
      8,
      9,
      10,
      11,
      12
    ],
    "snow_days": [
      9.8125,
      5.375,
      0.8125,
      0.25,
      null,
      null,
      0.25,
      0.3125,
      -1,
      0.0625,
      0.0625,
      4.625
    ]
  },
  "PREC_LTA_monthly": {
    "month": [
      0,
      1,
      2,
      3,
      4,
      5,
      6,
      7,
      8,
      9,
      10,
      11
    ],